track_id, type, traveled_d, avg_speed
_1, Car, 48.85, 9.770344
_2, Motorcycle, 98.09, 19.839417
_3, Motorcycle, 63.80, 18.228752
_4, Motorcycle, 145.72, 26.229014
_5, Motorcycle, 138.01, 24.841425
_6, Medium Vehicle, 159.97, 17.451502
_7, Motorcycle, 153.91, 22.895895
_8, Car, 158.21, 21.739084
_9, Car, 161.01, 21.154471
_10, Car, 159.53, 18.891989
_11, Car, 182.51, 18.251311
_12, Motorcycle, 158.41, 22.104237
_13, Motorcycle, 150.20, 23.925733
_14, Car, 189.93, 22.056919
_15, Car, 214.13, 22.672299
_16, Motorcycle, 238.04, 24.624831
_17, Motorcycle, 130.20, 0.572429
_18, Medium Vehicle, 142.37, 9.971513
_19, Car, 241.54, 11.655932
_20, Car, 225.57, 21.712530
_21, Car, 179.72, 19.969240
_22, Bus, 256.15, 22.166647
_23, Bus, 267.26, 28.465902
_24, Car, 268.07, 22.548021
_25, Car, 333.54, 23.180557
_26, Car, 313.23, 33.165511
_27, Car, 318.05, 31.982182
_28, Car, 339.20, 31.800391
_29, Motorcycle, 367.19, 38.878858
_30, Motorcycle, 349.30, 50.704412
_31, Car, 381.07, 28.820679
_32, Car, 391.30, 32.015804
_33, Motorcycle, 375.58, 33.972209
_34, Car, 419.85, 21.592529
_35, Car, 416.76, 20.274803
_36, Motorcycle, 392.76, 34.825792
_37, Bus, 158.46, 17.079537
_38, Car, 358.27, 17.476598
_39, Car, 372.52, 16.354501
_40, Car, 383.98, 16.614463
_41, Motorcycle, 282.72, 22.418229
_42, Motorcycle, 361.74, 37.637358
_43, Motorcycle, 423.13, 41.848151
_44, Car, 402.49, 21.756245
_45, Car, 354.28, 18.116729
_46, Car, 411.41, 21.909637
_47, Car, 447.53, 20.038720
_48, Motorcycle, 196.29, 14.660605
_49, Motorcycle, 60.09, 31.813922
_50, Car, 425.20, 19.278561
_51, Motorcycle, 259.92, 16.358897
_52, Car, 254.50, 22.023772
_53, Car, 199.92, 13.377304
_54, Car, 127.54, 9.686211
_55, Car, 160.92, 11.679452
_56, Car, 242.95, 15.079722
_57, Car, 302.89, 8.426560
_58, Car, 123.27, 9.522898
_59, Motorcycle, 48.32, 8.966502
_60, Car, 47.42, 7.977767
_61, Motorcycle, 194.91, 14.204055
_62, Taxi, 79.97, 22.847876
_63, Taxi, 289.89, 1.867591
_64, Bus, 456.09, 7.993864
_65, Taxi, 280.45, 16.025744
_66, Taxi, 258.97, 11.861130
_67, Taxi, 185.56, 12.058342
_68, Taxi, 185.13, 12.915959
_69, Taxi, 127.12, 10.495797
_70, Taxi, 442.64, 19.918851
_71, Heavy Vehicle, 151.24, 1.495741
_72, Taxi, 183.52, 20.907353
_73, Taxi, 15.99, 13.709574
_74, Taxi, 434.68, 21.261560
_75, Taxi, 133.20, 23.278397
_76, Taxi, 353.88, 31.072162
_77, Taxi, 295.46, 21.796327
_78, Taxi, 206.77, 19.692781
_79, Taxi, 215.55, 26.574647
_80, Taxi, 222.00, 22.323695
_81, Taxi, 194.40, 21.600212
_82, Taxi, 150.55, 22.395560
_83, Taxi, 74.22, 12.145817
_84, Taxi, 47.42, 8.368982
_85, Heavy Vehicle, 162.57, 0.821502
_86, Car, 124.14, 0.894165
_87, Car, 267.76, 3.733237
_88, Car, 129.13, 12.701076
_89, Motorcycle, 64.32, 14.118982
_90, Taxi, 465.45, 20.285877
_91, Motorcycle, 200.41, 14.091146
_92, Taxi, 214.67, 14.976690
_93, Motorcycle, 193.61, 28.800755
_94, Car, 110.34, 9.237562
_95, Taxi, 463.50, 20.600212
_96, Car, 204.85, 14.749486
_97, Heavy Vehicle, 467.87, 16.102669
_98, Motorcycle, 9.37, 8.433102
_99, Motorcycle, 19.93, 22.420906
_100, Car, 212.97, 10.618917
_101, Car, 169.41, 9.932919
_102, Motorcycle, 463.17, 31.942672
_103, Motorcycle, 57.62, 23.048464
_104, Car, 196.09, 14.118836
_105, Taxi, 235.00, 30.000579
_106, Medium Vehicle, 502.33, 31.726205
_107, Car, 236.72, 25.668102
_108, Motorcycle, 79.34, 13.472079
_109, Car, 196.80, 14.169529
_110, Motorcycle, 489.10, 35.215056
_111, Motorcycle, 346.02, 15.570855
_112, Car, 485.57, 29.527702
_113, Taxi, 498.93, 32.073758
_114, Motorcycle, 345.72, 15.104365
_115, Taxi, 486.39, 30.189553
_116, Car, 264.09, 14.948745
_117, Motorcycle, 261.73, 16.472408
_118, Car, 483.02, 30.506824
_119, Car, 347.36, 1.593008
_120, Car, 332.18, 22.563180
_121, Car, 109.56, 16.033300
_122, Car, 39.34, 12.003092
_123, Car, 236.57, 8.399053
_124, Car, 206.17, 32.553122
_125, Car, 212.07, 4.013894
_126, Taxi, 483.24, 23.636685
_127, Car, 498.84, 34.802491
_128, Taxi, 108.46, 20.127502
_129, Car, 284.79, 2.024552
_130, Car, 483.11, 23.005001
_131, Taxi, 233.66, 27.489050
_132, Car, 483.28, 19.417664
_133, Car, 36.86, 8.191375
_134, Heavy Vehicle, 360.54, 15.127475
_135, Car, 37.69, 15.074450
_136, Car, 482.51, 38.947210
_137, Motorcycle, 253.10, 18.150943
_138, Car, 358.27, 16.706995
_139, Taxi, 233.46, 16.479291
_140, Motorcycle, 494.53, 25.432973
_141, Motorcycle, 315.20, 15.848026
_142, Car, 231.84, 28.583531
_143, Taxi, 322.91, 16.145688
_144, Taxi, 479.97, 22.855730
_145, Car, 108.65, 23.008078
_146, Bus, 486.71, 14.601304
_147, Car, 361.47, 14.821003
_148, Car, 349.35, 19.171578
_149, Car, 110.43, 24.847595
_150, Medium Vehicle, 347.51, 11.498532
_151, Motorcycle, 358.71, 20.432846
_152, Motorcycle, 481.44, 16.137728
_153, Taxi, 111.52, 25.091050
_154, Car, 348.85, 10.845187
_155, Car, 357.73, 17.886421
_156, Taxi, 349.17, 11.084893
_157, Car, 354.48, 11.926515
_158, Motorcycle, 250.92, 18.435099
_159, Car, 351.26, 11.310698
_160, Car, 234.85, 14.330118
_161, Motorcycle, 478.14, 40.596640
_162, Car, 480.27, 35.722495
_163, Taxi, 235.03, 13.220288
_164, Taxi, 480.79, 19.062308
_165, Car, 480.46, 31.795231
_166, Car, 54.43, 23.898108
_167, Car, 480.26, 34.033826
_168, Car, 480.54, 29.929526
_169, Car, 227.73, 22.277888
_170, Motorcycle, 103.13, 15.091528
_171, Motorcycle, 383.78, 28.311304
_172, Car, 481.73, 34.823860
_173, Taxi, 72.20, 3.777659
_174, Bus, 480.20, 14.334387
_175, Motorcycle, 478.49, 40.436057
_176, Heavy Vehicle, 479.19, 18.430534
_177, Car, 197.71, 14.011236
_178, Motorcycle, 394.05, 40.300326
_179, Car, 480.32, 36.947951
_180, Car, 480.62, 35.748661
_181, Motorcycle, 480.71, 44.601624
_182, Motorcycle, 486.16, 23.028722
_183, Car, 32.11, 12.845410
_184, Car, 478.66, 22.975633
_185, Motorcycle, 487.23, 20.684375
_186, Car, 477.70, 25.744193
_187, Car, 34.30, 12.346529
_188, Taxi, 261.91, 19.643018
_189, Car, 93.48, 21.572758
_190, Motorcycle, 56.88, 15.056520
_191, Car, 105.45, 11.716569
_192, Car, 27.26, 8.920560
_193, Car, 199.45, 13.807814
_194, Taxi, 225.35, 14.435345
_195, Taxi, 358.31, 5.743177
_196, Motorcycle, 481.59, 33.469879
_197, Car, 235.61, 31.648758
_198, Bus, 140.38, 15.502507
_199, Car, 211.82, 13.377930
_200, Motorcycle, 352.16, 15.092596
_201, Car, 487.56, 30.578418
_202, Car, 481.52, 34.808553
_203, Motorcycle, 175.75, 10.406261
_204, Taxi, 104.80, 19.856184
_205, Motorcycle, 349.92, 14.996362
_206, Motorcycle, 28.03, 9.891223
_207, Motorcycle, 214.00, 14.058110
_208, Motorcycle, 480.74, 48.073660
_209, Motorcycle, 194.49, 12.918358
_210, Motorcycle, 215.19, 14.136310
_211, Car, 28.34, 3.750962
_212, Motorcycle, 357.91, 15.790244
_213, Car, 227.98, 24.572722
_214, Taxi, 92.83, 22.279832
_215, Car, 482.92, 20.309717
_216, Medium Vehicle, 236.59, 11.090101
_217, Car, 482.70, 37.776566
_218, Car, 18.62, 0.096770
_219, Taxi, 222.67, 14.627971
_220, Motorcycle, 481.21, 50.951537
_221, Motorcycle, 480.96, 40.079767
_222, Medium Vehicle, 105.52, 19.185478
_223, Heavy Vehicle, 481.74, 2.507635
_224, Car, 223.58, 14.581484
_225, Taxi, 480.33, 24.083196
_226, Motorcycle, 149.79, 36.435828
_227, Car, 235.43, 32.598103
_228, Car, 197.28, 18.210205
_229, Motorcycle, 55.36, 19.162203
_230, Motorcycle, 433.83, 20.282799
_231, Car, 347.72, 14.937735
_232, Car, 481.27, 21.284879
_233, Car, 480.66, 20.214535
_234, Car, 461.87, 3.843576
_235, Car, 102.44, 20.043382
_236, Car, 482.49, 20.244247
_237, Car, 211.29, 13.779575
_238, Motorcycle, 343.75, 13.749898
_239, Motorcycle, 488.19, 42.657813
_240, Car, 360.16, 15.435314
_241, Car, 28.53, 14.266360
_242, Taxi, 480.45, 19.654934
_243, Car, 27.04, 15.701965
_244, Car, 19.14, 0.101884
_245, Medium Vehicle, 256.94, 11.171377
_246, Car, 172.40, 19.155583
_247, Motorcycle, 51.08, 28.732618
_248, Motorcycle, 481.24, 40.860291
_249, Car, 53.34, 21.820931
_250, Motorcycle, 125.41, 15.252951
_251, Taxi, 458.55, 37.517679
_252, Motorcycle, 37.54, 12.993423
_253, Motorcycle, 454.48, 42.386647
_254, Motorcycle, 453.86, 41.681178
_255, Car, 480.96, 31.254021
_256, Heavy Vehicle, 482.50, 28.569004
_257, Car, 454.28, 38.938630
_258, Taxi, 454.22, 33.101076
_259, Motorcycle, 489.69, 36.574610
_260, Car, 52.24, 28.496744
_261, Heavy Vehicle, 95.09, 12.313680
_262, Car, 483.21, 28.331305
_263, Taxi, 457.62, 33.214697
_264, Car, 460.09, 32.604466
_265, Car, 485.63, 34.965644
_266, Car, 463.06, 31.813042
_267, Motorcycle, 199.78, 22.061939
_268, Taxi, 102.89, 26.458017
_269, Car, 478.59, 37.454760
_270, Car, 481.36, 23.544831
_271, Motorcycle, 485.61, 40.655540
_272, Car, 284.07, 15.448051
_273, Car, 210.50, 16.261862
_274, Motorcycle, 100.78, 14.511744
_275, Car, 482.48, 40.393771
_276, Motorcycle, 452.49, 26.021697
_277, Car, 198.64, 23.997212
_278, Motorcycle, 87.37, 18.287492
_279, Motorcycle, 55.07, 13.216367
_280, Taxi, 199.60, 26.613805
_281, Motorcycle, 46.91, 3.377796
_282, Car, 401.47, 21.766252
_283, Car, 216.92, 14.789770
_284, Motorcycle, 120.73, 18.574441
_285, Medium Vehicle, 492.00, 40.624114
_286, Motorcycle, 458.01, 40.812929
_287, Car, 55.18, 23.098429
_288, Motorcycle, 463.81, 47.980070
_289, Car, 442.47, 16.320539
_290, Motorcycle, 481.77, 44.244042
_291, Motorcycle, 323.78, 15.098643
_292, Medium Vehicle, 204.48, 1.547778
_293, Car, 211.40, 14.305373
_294, Motorcycle, 349.99, 16.622103
_295, Motorcycle, 236.55, 27.648121
_296, Car, 483.77, 44.886011
_297, Bus, 483.74, 36.585703
_298, Car, 492.89, 45.968721
_299, Motorcycle, 489.51, 38.477074
_300, Motorcycle, 220.69, 32.295659
_301, Car, 459.86, 36.145951
_302, Taxi, 265.83, 15.485314
_303, Car, 458.12, 21.700224
_304, Car, 483.40, 47.808474
_305, Car, 131.95, 8.105998
_306, Car, 384.61, 25.174583
_307, Car, 349.78, 17.835916
_308, Taxi, 208.41, 16.169694
_309, Taxi, 483.03, 42.002383
_310, Car, 482.64, 45.966073
_311, Taxi, 100.27, 24.390691
_312, Heavy Vehicle, 265.03, 16.856961
_313, Taxi, 207.24, 15.225623
_314, Taxi, 347.30, 20.100852
_315, Car, 215.01, 10.131479
_316, Car, 217.01, 10.015645
_317, Car, 263.70, 20.548116
_318, Taxi, 346.55, 21.659506
_319, Car, 356.96, 22.310157
_320, Car, 363.46, 11.916745
_321, Car, 193.89, 4.096298
_322, Car, 326.69, 23.242532
_323, Car, 349.45, 13.763758
_324, Motorcycle, 457.44, 39.586283
_325, Taxi, 67.43, 11.559601
_326, Car, 212.27, 11.337956
_327, Motorcycle, 170.33, 21.440484
_328, Car, 51.28, 20.980018
_329, Car, 479.19, 35.939434
_330, Car, 478.83, 37.968607
_331, Motorcycle, 207.14, 13.221623
_332, Taxi, 94.01, 8.767701
_333, Car, 479.90, 40.365426
_334, Taxi, 329.42, 19.765440
_335, Car, 208.84, 16.415616
_336, Taxi, 492.08, 14.059326
_337, Motorcycle, 120.68, 20.493342
_338, Car, 53.81, 18.627579
_339, Motorcycle, 188.12, 38.479078
_340, Car, 488.55, 43.969327
_341, Car, 457.02, 38.987601
_342, Motorcycle, 101.16, 11.239993
_343, Heavy Vehicle, 107.83, 9.608311
_344, Car, 480.96, 42.646800
_345, Taxi, 461.31, 18.051135
_346, Car, 236.59, 12.904835
_347, Motorcycle, 481.93, 41.307960
_348, Car, 206.16, 17.755169
_349, Medium Vehicle, 492.71, 21.898100
_350, Motorcycle, 484.74, 38.951969
_351, Heavy Vehicle, 482.14, 41.326605
_352, Taxi, 481.49, 45.614878
_353, Taxi, 482.03, 44.955871
_354, Car, 104.21, 13.592362
_355, Car, 485.00, 21.555590
_356, Car, 205.92, 17.081275
_357, Car, 487.20, 40.789075
_358, Motorcycle, 238.55, 31.806234
_359, Car, 39.97, 17.986944
_360, Car, 220.78, 21.716209
_361, Car, 103.84, 10.680992
_362, Car, 218.51, 21.611084
_363, Motorcycle, 52.29, 16.513871
_364, Car, 492.31, 31.093496
_365, Motorcycle, 484.62, 42.552107
_366, Car, 485.66, 38.852707
_367, Taxi, 484.20, 33.781048
_368, Car, 484.27, 33.526468
_369, Car, 206.02, 15.074479
_370, Motorcycle, 482.62, 39.667194
_371, Taxi, 483.46, 39.199280
_372, Car, 466.35, 3.239765
_373, Motorcycle, 482.39, 47.709112
_374, Bus, 483.19, 31.512699
_375, Car, 483.91, 36.293412
_376, Motorcycle, 346.77, 15.450356
_377, Motorcycle, 260.28, 1.815930
_378, Car, 479.87, 35.990351
_379, Car, 461.98, 36.958234
_380, Car, 103.51, 20.034155
_381, Motorcycle, 345.31, 15.656261
_382, Car, 494.17, 32.944486
_383, Taxi, 348.26, 15.910315
_384, Car, 490.56, 30.982883
_385, Car, 482.03, 8.239751
_386, Car, 489.76, 33.141941
_387, Car, 365.05, 16.509660
_388, Car, 481.88, 36.909640
_389, Car, 30.65, 15.763784
_390, Car, 236.18, 26.081439
_391, Taxi, 214.77, 14.533558
_392, Motorcycle, 482.09, 22.835654
_393, Car, 358.48, 16.760204
_394, Motorcycle, 340.75, 25.989722
_395, Taxi, 234.10, 16.207206
_396, Taxi, 402.13, 11.118758
_397, Car, 339.26, 2.414630
_398, Medium Vehicle, 339.31, 15.700556
_399, Car, 100.71, 23.240992
_400, Medium Vehicle, 482.63, 22.447870
_401, Taxi, 480.35, 24.017491
_402, Car, 483.35, 23.450928
_403, Car, 37.69, 18.335013
_404, Taxi, 362.10, 15.781568
_405, Car, 219.77, 16.620955
_406, Taxi, 349.08, 18.372385
_407, Motorcycle, 349.75, 21.340870
_408, Car, 348.78, 18.796528
_409, Taxi, 217.08, 17.444095
_410, Car, 281.85, 21.138703
_411, Car, 347.29, 12.731779
_412, Motorcycle, 211.41, 20.794684
_413, Car, 349.29, 12.752963
_414, Car, 73.00, 0.538726
_415, Car, 351.28, 13.283761
_416, Car, 200.19, 13.546905
_417, Motorcycle, 213.55, 25.971998
_418, Motorcycle, 27.54, 6.196385
_419, Car, 199.57, 13.403654
_420, Taxi, 212.24, 12.567053
_421, Car, 450.31, 15.831182
_422, Taxi, 480.99, 35.924575
_423, Car, 212.58, 12.670279
_424, Car, 70.87, 5.933470
_425, Taxi, 236.16, 25.302344
_426, Car, 51.60, 26.535419
_427, Bus, 480.81, 34.618444
_428, Taxi, 481.99, 37.557463
_429, Car, 26.14, 7.841723
_430, Car, 236.83, 25.374639
_431, Motorcycle, 450.58, 52.665779
_432, Motorcycle, 377.92, 17.622992
_433, Car, 385.41, 8.388620
_434, Taxi, 349.18, 16.198915
_435, Car, 482.18, 39.813426
_436, Car, 38.07, 5.271760
_437, Taxi, 489.49, 35.671449
_438, Bus, 483.42, 20.619698
_439, Car, 457.22, 41.565678
_440, Car, 26.55, 5.139627
_441, Car, 211.74, 14.115925
_442, Motorcycle, 239.79, 3.676478
_443, Car, 16.37, 1.592943
_444, Car, 479.89, 38.391411
_445, Taxi, 236.28, 13.853289
_446, Car, 480.83, 20.905849
_447, Bus, 485.39, 13.934590
_448, Car, 51.56, 4.885052
_449, Motorcycle, 489.40, 24.334987
_450, Motorcycle, 480.40, 22.815806
_451, Car, 480.73, 24.103561
_452, Car, 216.67, 16.115796
_453, Car, 215.12, 15.677031
_454, Motorcycle, 98.53, 12.489620
_455, Motorcycle, 15.32, 11.030850
_456, Car, 198.39, 13.128881
_457, Motorcycle, 479.35, 43.577235
_458, Motorcycle, 451.36, 46.425151
_459, Taxi, 479.83, 32.715360
_460, Car, 231.36, 20.615891
_461, Car, 482.67, 31.708074
_462, Car, 214.14, 13.965788
_463, Motorcycle, 234.73, 29.340905
_464, Motorcycle, 356.46, 37.303957
_465, Motorcycle, 345.88, 15.963514
_466, Car, 480.05, 38.065685
_467, Motorcycle, 451.27, 34.712698
_468, Motorcycle, 315.74, 14.995755
_469, Car, 454.29, 38.939188
_470, Motorcycle, 457.22, 21.376444
_471, Car, 455.45, 41.196239
_472, Motorcycle, 480.92, 34.351639
_473, Taxi, 348.21, 16.030211
_474, Motorcycle, 323.10, 6.858319
_475, Car, 198.01, 17.218624
_476, Car, 187.05, 32.066536
_477, Car, 26.02, 8.362233
_478, Motorcycle, 236.83, 15.224633
_479, Car, 50.04, 26.489171
_480, Car, 235.99, 28.701592
_481, Car, 42.25, 1.508858
_482, Bus, 472.05, 20.928295
_483, Car, 217.45, 14.826217
_484, Car, 480.25, 48.024793
_485, Car, 50.66, 30.395103
_486, Car, 477.39, 15.181886
_487, Car, 102.42, 23.337127
_488, Car, 29.18, 2.626536
_489, Car, 210.25, 14.725631
_490, Car, 354.72, 17.303482
_491, Car, 102.38, 23.327531
_492, Motorcycle, 320.49, 20.170830
_493, Car, 103.80, 21.231672
_494, Car, 349.46, 18.889596
_495, Motorcycle, 346.77, 21.824571
_496, Taxi, 348.42, 20.362389
_497, Car, 403.41, 13.348139
_498, Taxi, 347.41, 20.914360
_499, Motorcycle, 180.08, 12.515067
_500, Car, 352.38, 19.337693
_501, Motorcycle, 355.19, 23.679402
_502, Medium Vehicle, 348.15, 20.479386
_503, Motorcycle, 352.06, 27.673199
_504, Motorcycle, 355.96, 13.129651
_505, Medium Vehicle, 354.57, 12.514108
_506, Motorcycle, 259.87, 23.744591
_507, Car, 267.65, 12.745447
_508, Car, 347.69, 13.938740
_509, Car, 353.11, 14.031007
_510, Motorcycle, 272.98, 13.880205
_511, Motorcycle, 451.41, 24.254944
_512, Taxi, 283.99, 11.644441
_513, Car, 50.83, 21.276430
_514, Car, 237.13, 36.172099
_515, Motorcycle, 449.98, 50.941071
_516, Car, 236.18, 22.733535
_517, Heavy Vehicle, 105.20, 11.476375
_518, Car, 228.28, 18.343991
_519, Taxi, 324.47, 13.677710
_520, Taxi, 480.97, 17.177535
_521, Motorcycle, 75.20, 26.540541
_522, Motorcycle, 480.10, 37.410754
_523, Motorcycle, 153.81, 22.148201
_524, Taxi, 402.36, 14.963616
_525, Motorcycle, 482.25, 41.139731
_526, Bus, 105.16, 19.120586
_527, Car, 480.45, 36.184693
_528, Taxi, 454.66, 20.771434
_529, Motorcycle, 449.94, 38.202713
_530, Bus, 480.58, 12.815457
_531, Car, 79.19, 19.797065
_532, Car, 448.32, 25.456522
_533, Car, 81.76, 19.364483
_534, Motorcycle, 293.18, 14.035320
_535, Car, 174.30, 10.818890
_536, Car, 49.77, 27.997382
_537, Taxi, 191.59, 7.891639
_538, Taxi, 209.47, 13.661284
_539, Taxi, 478.35, 43.267447
_540, Car, 480.08, 42.360287
_541, Taxi, 381.53, 13.106053
_542, Taxi, 461.85, 42.414913
_543, Car, 195.15, 7.474018
_544, Motorcycle, 485.39, 43.252482
_545, Car, 263.98, 16.052587
_546, Car, 479.89, 41.330339
_547, Taxi, 487.43, 22.044473
_548, Car, 164.42, 11.791406
_549, Car, 479.69, 21.008522
_550, Taxi, 479.56, 24.044808
_551, Car, 196.89, 7.588916
_552, Car, 197.20, 7.766998
_553, Motorcycle, 183.60, 7.527939
_554, Taxi, 198.44, 7.867491
_555, Car, 266.16, 12.347408
_556, Motorcycle, 61.56, 13.036890
_557, Motorcycle, 99.14, 10.315424
_558, Taxi, 480.54, 36.651065
_559, Car, 207.71, 2.194156
_560, Car, 481.55, 31.405439
_561, Car, 486.42, 28.706476
_562, Taxi, 476.61, 34.592451
_563, Motorcycle, 352.14, 15.926021
_564, Motorcycle, 37.55, 16.898717
_565, Car, 105.72, 25.039229
_566, Car, 360.22, 17.667590
_567, Heavy Vehicle, 169.23, 1.806677
_568, Motorcycle, 356.54, 15.925032
_569, Bus, 482.91, 21.785601
_570, Motorcycle, 350.65, 15.779120
_571, Motorcycle, 333.41, 15.628591
_572, Motorcycle, 489.77, 18.999570
_573, Motorcycle, 42.23, 13.574866
_574, Taxi, 480.49, 38.100850
_575, Motorcycle, 481.03, 35.927580
_576, Car, 355.03, 14.896251
_577, Car, 482.96, 35.195143
_578, Car, 238.39, 16.377774
_579, Car, 481.40, 21.882001
_580, Motorcycle, 236.50, 21.074682
_581, Car, 489.24, 19.397315
_582, Car, 236.26, 20.251208
_583, Car, 385.67, 13.248270
_584, Motorcycle, 352.72, 15.872240
_585, Taxi, 481.84, 18.651759
_586, Taxi, 335.99, 8.494007
_587, Car, 481.30, 34.653336
_588, Taxi, 347.73, 15.009768
_589, Car, 236.86, 13.709184
_590, Car, 263.94, 14.663518
_591, Car, 53.73, 23.028033
_592, Car, 483.29, 19.374484
_593, Car, 350.15, 15.485697
_594, Car, 70.15, 19.730943
_595, Car, 484.16, 19.409573
_596, Car, 204.61, 9.516698
_597, Taxi, 346.74, 17.193810
_598, Taxi, 203.66, 11.279798
_599, Car, 349.56, 16.092279
_600, Motorcycle, 200.15, 9.531054
_601, Taxi, 265.07, 10.843793
_602, Car, 204.50, 11.396316
_603, Taxi, 352.00, 19.799920
_604, Car, 346.94, 12.196989
_605, Car, 345.36, 11.663273
_606, Taxi, 354.62, 19.168692
_607, Motorcycle, 285.87, 11.460115
_608, Car, 358.53, 23.813590
_609, Taxi, 346.04, 13.570043
_610, Motorcycle, 481.49, 33.987389
_611, Motorcycle, 416.98, 5.040766
_612, Motorcycle, 154.26, 18.511461
_613, Taxi, 384.68, 19.233870
_614, Car, 481.28, 30.720313
_615, Motorcycle, 479.87, 35.256097
_616, Taxi, 482.31, 30.040207
_617, Motorcycle, 235.05, 24.598560
_618, Motorcycle, 311.65, 3.823950
_619, Car, 384.39, 19.435373
_620, Motorcycle, 54.82, 20.137140
_621, Heavy Vehicle, 107.84, 21.098743
_622, Car, 483.69, 30.873710
_623, Car, 483.54, 29.504281
_624, Car, 427.95, 17.232971
_625, Motorcycle, 354.45, 14.734642
_626, Car, 14.89, 4.467598
_627, Medium Vehicle, 480.79, 21.159612
_628, Taxi, 384.84, 20.314339
_629, Car, 451.18, 20.770470
_630, Car, 470.80, 21.729130
_631, Taxi, 437.73, 36.143167
_632, Motorcycle, 396.99, 21.588401
_633, Car, 28.46, 7.215425
_634, Car, 467.14, 20.761711
_635, Motorcycle, 32.36, 17.648292
_636, Motorcycle, 222.29, 16.534318
_637, Taxi, 400.77, 18.034828
_638, Motorcycle, 468.07, 19.368370
_639, Car, 39.08, 12.790166
_640, Motorcycle, 279.29, 11.583647
_641, Car, 29.55, 3.545661
_642, Car, 211.54, 19.134681
_643, Motorcycle, 201.09, 28.500928
_644, Car, 185.58, 18.766012
_645, Motorcycle, 191.45, 23.603391
_646, Car, 206.44, 12.857889
_647, Car, 183.12, 11.524733
_648, Medium Vehicle, 467.06, 31.137498
_649, Bus, 467.45, 34.483710
_650, Car, 469.86, 30.204979
_651, Car, 482.97, 31.844019
_652, Motorcycle, 459.86, 39.795297
_653, Taxi, 139.13, 28.784549
_654, Motorcycle, 461.27, 48.554987
_655, Motorcycle, 455.60, 34.749168
_656, Taxi, 237.61, 25.158997
_657, Motorcycle, 190.23, 33.570484
_658, Motorcycle, 227.64, 26.435103
_659, Taxi, 489.42, 21.382602
_660, Motorcycle, 476.75, 47.150816
_661, Medium Vehicle, 256.59, 8.474544
_662, Car, 62.54, 26.804934
_663, Taxi, 455.10, 21.222481
_664, Motorcycle, 50.99, 24.155331
_665, Taxi, 486.90, 36.215631
_666, Taxi, 490.66, 21.593768
_667, Motorcycle, 134.13, 6.781782
_668, Taxi, 210.62, 12.939127
_669, Motorcycle, 473.24, 35.054537
_670, Motorcycle, 50.99, 30.591712
_671, Car, 24.40, 16.268797
_672, Heavy Vehicle, 185.56, 8.107081
_673, Taxi, 279.28, 13.925283
_674, Car, 50.29, 26.623218
_675, Car, 454.57, 25.254127
_676, Car, 265.04, 12.824607
_677, Taxi, 481.60, 20.493648
_678, Motorcycle, 351.43, 18.605310
_679, Car, 489.24, 25.451619
_680, Motorcycle, 279.78, 16.298065
_681, Car, 265.53, 12.577618
_682, Taxi, 50.98, 5.243394
_683, Taxi, 479.69, 22.139685
_684, Car, 200.35, 16.931369
_685, Car, 482.76, 21.350346
_686, Taxi, 280.69, 9.236702
_687, Car, 346.76, 17.532966
_688, Taxi, 349.92, 17.303788
_689, Car, 264.49, 10.969556
_690, Motorcycle, 350.13, 19.944178
_691, Taxi, 350.10, 17.701737
_692, Car, 349.97, 11.998995
_693, Car, 321.02, 12.139441
_694, Motorcycle, 347.50, 23.426738
_695, Taxi, 359.37, 12.758720
_696, Motorcycle, 266.13, 23.030164
_697, Taxi, 317.00, 11.887640
_698, Taxi, 348.65, 12.939651
_699, Car, 24.10, 14.457705
_700, Taxi, 322.18, 12.338888
_701, Motorcycle, 213.43, 13.919056
_702, Motorcycle, 101.19, 24.284755
_703, Car, 479.77, 38.043780
_704, Car, 234.95, 30.207648
_705, Car, 235.63, 33.135854
_706, Car, 480.48, 30.888235
_707, Motorcycle, 480.57, 37.939771
_708, Bus, 478.35, 34.032734
_709, Motorcycle, 454.52, 43.518206
_710, Motorcycle, 489.09, 34.796976
_711, Heavy Vehicle, 212.48, 13.466827
_712, Taxi, 237.48, 28.497696
_713, Car, 481.90, 22.530311
_714, Motorcycle, 460.95, 44.133374
_715, Car, 203.57, 12.548673
_716, Motorcycle, 46.78, 26.311435
_717, Car, 454.60, 33.813376
_718, Motorcycle, 411.86, 36.340967
_719, Car, 477.14, 34.771653
_720, Car, 438.70, 14.787806
_721, Motorcycle, 448.68, 42.730978
_722, Taxi, 479.80, 20.710628
_723, Taxi, 52.86, 4.285780
_724, Taxi, 200.40, 13.213050
_725, Taxi, 234.84, 27.628697
_726, Car, 234.88, 33.289780
_727, Taxi, 201.70, 13.804876
_728, Car, 37.83, 2.960491
_729, Car, 479.44, 21.203867
_730, Motorcycle, 485.23, 40.249191
_731, Car, 449.00, 21.157206
_732, Car, 450.58, 38.620751
_733, Motorcycle, 412.90, 21.114271
_734, Car, 451.06, 21.088488
_735, Car, 385.82, 7.318013
_736, Taxi, 488.55, 22.548558
_737, Car, 449.51, 14.071496
_738, Motorcycle, 92.12, 7.209444
_739, Medium Vehicle, 91.10, 14.259689
_740, Motorcycle, 489.15, 14.625801
_741, Car, 450.60, 16.827318
_742, Car, 214.39, 16.079006
_743, Taxi, 73.89, 26.078223
_744, Car, 99.89, 9.933982
_745, Heavy Vehicle, 358.48, 11.420551
_746, Taxi, 286.99, 9.062990
_747, Motorcycle, 34.42, 8.979222
_748, Motorcycle, 233.90, 27.517151
_749, Car, 488.30, 31.730687
_750, Taxi, 233.68, 23.630546
_751, Taxi, 235.37, 25.833162
_752, Motorcycle, 481.87, 38.378908
_753, Motorcycle, 480.25, 42.168530
_754, Motorcycle, 362.18, 15.862091
_755, Medium Vehicle, 481.45, 34.944092
_756, Car, 102.85, 22.856662
_757, Taxi, 480.83, 32.783820
_758, Taxi, 267.46, 15.235178
_759, Motorcycle, 34.40, 12.383798
_760, Taxi, 234.59, 27.067650
_761, Taxi, 51.45, 16.245932
_762, Taxi, 234.77, 25.457262
_763, Car, 480.12, 36.931980
_764, Medium Vehicle, 267.19, 15.316538
_765, Taxi, 460.93, 38.770136
_766, Car, 355.95, 15.291465
_767, Car, 478.56, 22.201037
_768, Car, 349.27, 14.723394
_769, Car, 50.57, 18.962027
_770, Bus, 482.18, 36.776650
_771, Motorcycle, 344.44, 16.893541
_772, Car, 350.31, 15.157687
_773, Car, 52.60, 18.936616
_774, Taxi, 462.80, 21.305461
_775, Motorcycle, 18.22, 2.359903
_776, Car, 348.11, 15.062348
_777, Motorcycle, 346.76, 17.833336
_778, Motorcycle, 345.28, 18.333488
_779, Car, 459.71, 22.304005
_780, Car, 361.31, 15.124804
_781, Car, 461.33, 21.852384
_782, Motorcycle, 455.26, 23.413540
_783, Car, 479.25, 21.091638
_784, Car, 181.37, 10.298572
_785, Car, 351.08, 18.864121
_786, Motorcycle, 214.73, 17.026924
_787, Car, 41.60, 3.941131
_788, Car, 349.69, 11.120926
_789, Motorcycle, 34.52, 0.903269
_790, Car, 243.15, 18.864762
_791, Medium Vehicle, 360.65, 10.892201
_792, Car, 191.40, 22.226963
_793, Taxi, 98.66, 9.866370
_794, Taxi, 181.09, 14.749405
_795, Motorcycle, 449.93, 38.565616
_796, Car, 481.61, 30.417412
_797, Motorcycle, 230.88, 29.898110
_798, Medium Vehicle, 59.91, 11.351623
_799, Car, 457.56, 35.809068
_800, Car, 471.96, 31.580967
_801, Car, 473.40, 30.873697
_802, Motorcycle, 101.87, 10.722929
_803, Motorcycle, 97.26, 10.119253
_804, Motorcycle, 440.49, 43.565146
_805, Car, 471.18, 29.551186
_806, Car, 466.07, 32.020263
_807, Taxi, 227.21, 28.801845
_808, Taxi, 481.65, 31.526361
_809, Car, 460.63, 37.859860
_810, Car, 60.84, 11.407285
_811, Car, 468.72, 20.478174
_812, Car, 474.03, 33.994447
_813, Motorcycle, 456.51, 42.139462
_814, Car, 479.39, 20.399511
_815, Car, 483.71, 30.766304
_816, Motorcycle, 94.59, 3.331807
_817, Car, 63.87, 17.159066
_818, Car, 468.19, 42.137100
_819, Car, 478.64, 22.148038
_820, Taxi, 473.67, 20.948337
_821, Heavy Vehicle, 202.45, 15.775113
_822, Taxi, 454.49, 22.599003
_823, Car, 219.35, 17.547868
_824, Car, 468.84, 21.150712
_825, Bus, 371.61, 13.877621
_826, Car, 27.06, 6.765294
_827, Car, 253.01, 9.628397
_828, Taxi, 406.15, 23.582695
_829, Car, 212.67, 17.804702
_830, Car, 35.35, 12.236411
_831, Car, 212.14, 11.677222
_832, Car, 31.34, 4.863400
_833, Car, 215.37, 11.108092
_834, Motorcycle, 156.08, 13.314917
_835, Motorcycle, 413.99, 30.047492
_836, Car, 478.77, 33.532863
_837, Motorcycle, 451.34, 50.460264
_838, Motorcycle, 100.29, 17.357495
_839, Car, 478.12, 31.524368
_840, Bus, 479.07, 29.735381
_841, Taxi, 50.68, 16.586022
_842, Car, 25.80, 14.511369
_843, Motorcycle, 213.06, 13.844810
_844, Motorcycle, 441.61, 52.992695
_845, Motorcycle, 32.43, 11.446843
_846, Motorcycle, 436.80, 47.941742
_847, Motorcycle, 468.05, 48.698520
_848, Motorcycle, 296.05, 16.447418
_849, Taxi, 465.60, 41.903885
_850, Car, 415.92, 23.468714
_851, Taxi, 203.99, 11.582983
_852, Bus, 13.20, 0.754417
_853, Taxi, 441.15, 35.930482
_854, Medium Vehicle, 463.88, 33.003629
_855, Car, 220.33, 22.924557
_856, Car, 206.81, 12.408563
_857, Taxi, 221.16, 14.268161
_858, Car, 139.86, 9.795572
_859, Car, 193.38, 11.920961
_860, Taxi, 289.36, 17.837358
_861, Taxi, 87.63, 25.037087
_862, Car, 183.03, 11.766315
_863, Taxi, 251.25, 16.326631
_864, Taxi, 87.57, 5.752674
_865, Taxi, 209.44, 14.119789
_866, Taxi, 150.18, 10.124376
_867, Motorcycle, 210.70, 14.366158
_868, Car, 196.05, 13.366914
_869, Car, 199.66, 13.983890
_870, Taxi, 80.98, 5.738456
_871, Motorcycle, 175.22, 12.873500
_872, Motorcycle, 38.25, 4.683202
_873, Car, 75.03, 5.604158
_874, Car, 192.21, 14.977421
_875, Taxi, 271.65, 21.731873
_876, Car, 193.08, 28.255496
_877, Car, 67.89, 5.847000
_878, Car, 85.09, 7.774332
_879, Motorcycle, 89.64, 8.403301
_880, Car, 152.01, 15.033822
_881, Taxi, 64.07, 20.968914
_882, Car, 62.43, 7.696610
_883, Medium Vehicle, 51.78, 6.383882
_884, Taxi, 80.70, 10.017732
_885, Motorcycle, 319.68, 41.101456
_886, Motorcycle, 290.50, 38.168162
_887, Motorcycle, 258.99, 34.532510
_888, Car, 74.17, 10.270114
_889, Medium Vehicle, 206.10, 28.758536
_890, Motorcycle, 269.75, 39.476335
_891, Car, 172.87, 25.716179
_892, Taxi, 71.61, 11.307018
_893, Car, 56.67, 9.106967
_894, Car, 52.92, 19.051912
_895, Heavy Vehicle, 152.31, 25.152587
_896, Heavy Vehicle, 141.16, 23.970741
_897, Motorcycle, 87.53, 14.863487
_898, Car, 171.03, 29.889448
_899, Bus, 117.58, 22.515684
_900, Motorcycle, 131.60, 26.320022
_901, Motorcycle, 126.41, 26.457188
_902, Taxi, 30.90, 8.557196
_903, Motorcycle, 132.71, 28.437118
_904, Car, 133.13, 29.583725
_905, Motorcycle, 165.12, 37.152372
_906, Car, 118.60, 29.245050
_907, Motorcycle, 37.66, 9.969678
_908, Motorcycle, 138.00, 36.529856
_909, Car, 101.94, 28.670845
_910, Motorcycle, 59.54, 19.485427
_911, Car, 94.90, 28.470766
_912, Medium Vehicle, 61.25, 20.045964
_913, Car, 103.15, 34.382062
_914, Car, 85.62, 29.078771
_915, Car, 28.45, 10.241356
_916, Car, 81.18, 30.441531
_917, Car, 36.92, 14.445338
_918, Car, 78.83, 30.846243
_919, Motorcycle, 19.50, 9.234518
_920, Car, 48.97, 24.486209
_921, Motorcycle, 46.68, 30.007124
_922, Car, 35.00, 23.335533
